﻿{
  "configurations": [
    {
      "name": "WSL-GCC-Debug",
      "generator": "Unix Makefiles",
      "configurationType": "Debug",
      "buildRoot": "${projectDir}\\build\\",
      "installRoot": "${projectDir}\\build\\",
      "cmakeExecutable": "/usr/bin/cmake",
      "cmakeCommandArgs": "",
      "buildCommandArgs": "",
      "ctestCommandArgs": "",
      "inheritEnvironments": [ "linux_x64" ],
      "wslPath": "${defaultWSLPath}",
      "addressSanitizerRuntimeFlags": "detect_leaks=0",
      "variables": [
        {
          "name": "CMAKE_INSTALL_PREFIX",
          "value": "/mnt/d/TDengine/TDengine/build",
          "type": "PATH"
        }
      ]
    }
  ]
}